{
  "builtin_entity_scope": [],
  "config": {
    "unit_name": "tfidf_vectorizer",
    "use_stemming": false,
    "word_clusters_name": null
  },
  "language_code": "en",
  "vectorizer": {
    "idf_diag": [
      5.102643365036796,
      5.102643365036796,
      3.5985659682605218,
      4.697178256928631,
      4.186352633162641,
      5.102643365036796,
      5.102643365036796,
      5.102643365036796,
      5.102643365036796,
      5.102643365036796,
      5.102643365036796,
      5.102643365036796,
      5.102643365036796,
      5.102643365036796,
      5.102643365036796,
      5.102643365036796,
      4.697178256928631,
      5.102643365036796,
      5.102643365036796,
      5.102643365036796,
      3.5985659682605218,
      5.102643365036796,
      5.102643365036796,
      1.8639649128724152,
      5.102643365036796,
      3.5985659682605218,
      5.102643365036796,
      5.102643365036796,
      5.102643365036796,
      5.102643365036796,
      5.102643365036796,
      5.102643365036796,
      5.102643365036796,
      5.102643365036796,
      3.849880396541428,
      3.0232018233569597,
      5.102643365036796,
      4.697178256928631,
      5.102643365036796,
      4.004031076368686,
      5.102643365036796,
      5.102643365036796,
      5.102643365036796,
      4.697178256928631,
      5.102643365036796,
      2.0345904299031785,
      5.102643365036796,
      3.5985659682605218,
      4.186352633162641,
      5.102643365036796,
      5.102643365036796,
      5.102643365036796,
      5.102643365036796,
      5.102643365036796,
      5.102643365036796,
      4.697178256928631,
      4.697178256928631,
      5.102643365036796,
      5.102643365036796,
      5.102643365036796,
      4.697178256928631,
      5.102643365036796,
      5.102643365036796,
      5.102643365036796,
      5.102643365036796,
      5.102643365036796,
      5.102643365036796,
      5.102643365036796,
      1.7884573603642702,
      4.697178256928631,
      5.102643365036796,
      5.102643365036796,
      5.102643365036796,
      5.102643365036796,
      5.102643365036796,
      5.102643365036796,
      4.697178256928631,
      4.4094961844768505,
      4.697178256928631,
      4.697178256928631,
      5.102643365036796
    ],
    "vocab": {
      "!": 0,
      "&": 1,
      "about": 2,
      "area": 3,
      "bad": 4,
      "becky": 5,
      "black": 6,
      "bloody": 7,
      "chains": 8,
      "chance": 9,
      "closeup": 10,
      "cold": 11,
      "cove": 12,
      "dancing": 13,
      "dare": 14,
      "dawn": 15,
      "day": 16,
      "depictions": 17,
      "directorship": 18,
      "disagreement": 19,
      "do": 20,
      "double": 21,
      "dude": 22,
      "entityfeatureaspect": 23,
      "goal": 24,
      "good": 25,
      "granger": 26,
      "graph": 27,
      "gray": 28,
      "hands": 29,
      "hearts": 30,
      "heroes": 31,
      "hidden": 32,
      "hokum": 33,
      "how": 34,
      "is": 35,
      "journey": 36,
      "know": 37,
      "let": 38,
      "like": 39,
      "limpwings": 40,
      "liz": 41,
      "love": 42,
      "manual": 43,
      "monkeys": 44,
      "of": 45,
      "over": 46,
      "people": 47,
      "performance": 48,
      "performances": 49,
      "performing": 50,
      "ray": 51,
      "redemption": 52,
      "resolution": 53,
      "rings": 54,
      "s": 55,
      "say": 56,
      "seize": 57,
      "semblance": 58,
      "sexterminators": 59,
      "should": 60,
      "showing": 61,
      "smugglers": 62,
      "soft": 63,
      "solo": 64,
      "spoofs": 65,
      "tale": 66,
      "texas": 67,
      "the": 68,
      "think": 69,
      "todd": 70,
      "tones": 71,
      "tough": 72,
      "truth": 73,
      "villain": 74,
      "voice": 75,
      "want": 76,
      "watch": 77,
      "way": 78,
      "what": 79,
      "word": 80
    }
  }
}