{
  "builtin_entity_scope": [],
  "config": {
    "unit_name": "tfidf_vectorizer",
    "use_stemming": false,
    "word_clusters_name": null
  },
  "language_code": "en",
  "vectorizer": {
    "idf_diag": [
      3.5985659682605218,
      5.102643365036796,
      5.102643365036796,
      5.102643365036796,
      5.102643365036796,
      5.102643365036796,
      5.102643365036796,
      4.186352633162641,
      5.102643365036796,
      5.102643365036796,
      5.102643365036796,
      5.102643365036796,
      5.102643365036796,
      5.102643365036796,
      5.102643365036796,
      5.102643365036796,
      5.102643365036796,
      5.102643365036796,
      5.102643365036796,
      5.102643365036796,
      5.102643365036796,
      5.102643365036796,
      3.5985659682605218,
      5.102643365036796,
      5.102643365036796,
      5.102643365036796,
      1.9039702474861144,
      5.102643365036796,
      5.102643365036796,
      5.102643365036796,
      5.102643365036796,
      3.4932054526026954,
      4.004031076368686,
      5.102643365036796,
      5.102643365036796,
      3.0232018233569597,
      4.697178256928631,
      5.102643365036796,
      4.697178256928631,
      5.102643365036796,
      4.186352633162641,
      5.102643365036796,
      5.102643365036796,
      5.102643365036796,
      5.102643365036796,
      5.102643365036796,
      5.102643365036796,
      5.102643365036796,
      5.102643365036796,
      5.102643365036796,
      5.102643365036796,
      5.102643365036796,
      2.1322288994670946,
      5.102643365036796,
      3.5985659682605218,
      4.186352633162641,
      5.102643365036796,
      5.102643365036796,
      5.102643365036796,
      5.102643365036796,
      5.102643365036796,
      5.102643365036796,
      5.102643365036796,
      4.697178256928631,
      5.102643365036796,
      5.102643365036796,
      4.697178256928631,
      5.102643365036796,
      5.102643365036796,
      5.102643365036796,
      1.7704388548615917,
      4.697178256928631,
      5.102643365036796,
      5.102643365036796,
      4.697178256928631,
      4.4094961844768505,
      5.102643365036796,
      4.697178256928631,
      5.102643365036796
    ],
    "vocab": {
      "about": 0,
      "accompaniment": 1,
      "adaptation": 2,
      "angels": 3,
      "apple": 4,
      "arrow": 5,
      "artwork": 6,
      "bad": 7,
      "bill": 8,
      "blinky": 9,
      "blood": 10,
      "bob": 11,
      "brigade": 12,
      "buddy": 13,
      "casanova": 14,
      "charlie": 15,
      "classics": 16,
      "come": 17,
      "demille": 18,
      "desert": 19,
      "detours": 20,
      "directorship": 21,
      "do": 22,
      "doubles": 23,
      "down": 24,
      "englishman": 25,
      "entityfeatureaspect": 26,
      "eye": 27,
      "filmmakers": 28,
      "flight": 29,
      "ford": 30,
      "good": 31,
      "how": 32,
      "improvisation": 33,
      "intruder": 34,
      "is": 35,
      "know": 36,
      "koala": 37,
      "lady": 38,
      "lampoon": 39,
      "like": 40,
      "love": 41,
      "lucky": 42,
      "manipulations": 43,
      "message": 44,
      "mini": 45,
      "mischievous": 46,
      "mixed": 47,
      "mob": 48,
      "movie": 49,
      "nesting": 50,
      "night": 51,
      "of": 52,
      "pacific": 53,
      "people": 54,
      "performance": 55,
      "photograph": 56,
      "porn": 57,
      "rain": 58,
      "real": 59,
      "realizations": 60,
      "rim": 61,
      "s": 62,
      "say": 63,
      "scenes": 64,
      "screenplay": 65,
      "should": 66,
      "sideline": 67,
      "sparrows": 68,
      "swappers": 69,
      "the": 70,
      "think": 71,
      "vote": 72,
      "wal": 73,
      "want": 74,
      "watch": 75,
      "waterfront": 76,
      "what": 77,
      "wittiness": 78
    }
  }
}