{
  "builtin_entity_scope": [],
  "config": {
    "unit_name": "tfidf_vectorizer",
    "use_stemming": false,
    "word_clusters_name": null
  },
  "language_code": "en",
  "vectorizer": {
    "idf_diag": [
      5.102643365036796,
      5.102643365036796,
      5.102643365036796,
      3.5985659682605218,
      5.102643365036796,
      5.102643365036796,
      5.102643365036796,
      4.186352633162641,
      5.102643365036796,
      5.102643365036796,
      5.102643365036796,
      5.102643365036796,
      5.102643365036796,
      5.102643365036796,
      5.102643365036796,
      4.697178256928631,
      5.102643365036796,
      5.102643365036796,
      3.5985659682605218,
      1.8445468270153138,
      5.102643365036796,
      5.102643365036796,
      5.102643365036796,
      5.102643365036796,
      3.5985659682605218,
      5.102643365036796,
      5.102643365036796,
      3.849880396541428,
      5.102643365036796,
      2.7047480922384253,
      5.102643365036796,
      5.102643365036796,
      5.102643365036796,
      5.102643365036796,
      5.102643365036796,
      3.0232018233569597,
      5.102643365036796,
      4.697178256928631,
      4.697178256928631,
      4.186352633162641,
      5.102643365036796,
      4.697178256928631,
      5.102643365036796,
      5.102643365036796,
      5.102643365036796,
      2.0581209273133725,
      5.102643365036796,
      5.102643365036796,
      3.5985659682605218,
      4.186352633162641,
      5.102643365036796,
      5.102643365036796,
      5.102643365036796,
      5.102643365036796,
      4.697178256928631,
      5.102643365036796,
      5.102643365036796,
      4.697178256928631,
      5.102643365036796,
      5.102643365036796,
      5.102643365036796,
      5.102643365036796,
      1.752739277762191,
      4.697178256928631,
      5.102643365036796,
      5.102643365036796,
      5.102643365036796,
      5.102643365036796,
      5.102643365036796,
      4.697178256928631,
      5.102643365036796,
      4.4094961844768505,
      4.697178256928631,
      5.102643365036796,
      5.102643365036796,
      5.102643365036796,
      5.102643365036796,
      5.102643365036796
    ],
    "vocab": {
      "2000": 0,
      "3": 1,
      "84": 2,
      "about": 3,
      "arthur": 4,
      "artist": 5,
      "backdrops": 6,
      "bad": 7,
      "baddies": 8,
      "beast": 9,
      "blues": 10,
      "brothers": 11,
      "came": 12,
      "cast": 13,
      "child": 14,
      "crossing": 15,
      "devil": 16,
      "die": 17,
      "do": 18,
      "entityfeatureaspect": 19,
      "explanation": 20,
      "fifty": 21,
      "forerunner": 22,
      "frames": 23,
      "good": 24,
      "hell": 25,
      "hokum": 26,
      "how": 27,
      "hunters": 28,
      "in": 29,
      "ingenue": 30,
      "ink": 31,
      "innocent": 32,
      "interaction": 33,
      "interstate": 34,
      "is": 35,
      "jungle": 36,
      "know": 37,
      "lady": 38,
      "like": 39,
      "looks": 40,
      "man": 41,
      "message": 42,
      "mode": 43,
      "montevideo": 44,
      "of": 45,
      "overacting": 46,
      "parts": 47,
      "people": 48,
      "performance": 49,
      "proposition": 50,
      "rabbit": 51,
      "racing": 52,
      "s": 53,
      "say": 54,
      "scenarios": 55,
      "sendup": 56,
      "should": 57,
      "snow": 58,
      "sounding": 59,
      "specialties": 60,
      "suing": 61,
      "the": 62,
      "think": 63,
      "tiger": 64,
      "till": 65,
      "truth": 66,
      "try": 67,
      "villain": 68,
      "want": 69,
      "war": 70,
      "watch": 71,
      "what": 72,
      "whole": 73,
      "wife": 74,
      "woman": 75,
      "word": 76,
      "worlds": 77
    }
  }
}