{
  "coeffs": [
    [
      -0.4334495359455971,
      -0.6227555916462431,
      -0.08886694599694168,
      -0.29438391296353184,
      -1.972145407599322,
      -0.7343308352612875,
      -0.6725057397662076,
      -0.42354377753570593,
      -0.42354377753570593,
      -0.6144231323510585,
      -0.5334935535232604,
      -0.42354377753570593,
      -0.5334935535232604,
      -0.7343308352612875,
      -0.4381200256227465,
      -0.6725057397662076,
      -0.5190093446340059,
      -0.7162066720670922,
      -0.4334495359455971,
      -0.6110910312719254,
      -1.3290621515532635,
      -0.4381200256227465,
      -0.4815940870466008,
      0.7782418643064182,
      -0.766548811712437,
      -1.4801695828493546,
      -0.7564934857300999,
      -0.6330018698616283,
      -0.6110910312719254,
      -0.42354377753570593,
      -0.42354377753570593,
      -0.4815940870466008,
      -0.6195238946724237,
      -0.8653141404303896,
      -0.9343255669107594,
      -1.1302385957601797,
      -0.7564934857300999,
      -1.135895403792272,
      -0.4334495359455971,
      -0.5558708527676974,
      -0.8242385855252022,
      -0.6227555916462431,
      -0.9181811213191726,
      -0.2063022056234265,
      -0.7343308352612875,
      0.7831402645090817,
      -0.766548811712437,
      -1.3434958615871295,
      -1.826989116065024,
      -0.6195238946724237,
      -0.4381200256227465,
      -0.6227555916462431,
      -0.7564934857300999,
      -0.8242385855252022,
      -0.6227555916462431,
      -0.842332630869482,
      -0.9860086465112199,
      -0.8653141404303896,
      -1.0512980721822311,
      -1.0512980721822311,
      -1.26965149505296,
      -0.6725057397662076,
      -0.5334935535232604,
      -0.5594760175284785,
      -0.42354377753570593,
      -0.5594760175284785,
      -0.7162066720670922,
      -0.7162066720670922,
      1.0945074678083844,
      -0.9524208885716772,
      -0.4381200256227465,
      -0.766548811712437,
      -0.4334495359455971,
      -0.4381200256227465,
      -0.6144231323510585,
      -0.5594760175284785,
      -1.135895403792272,
      -0.6328239845099699,
      -0.28703638584800595,
      -0.9860086465112199,
      -0.9181811213191726
    ]
  ],
  "config": {
    "data_augmentation_config": {
      "add_builtin_entities_examples": false,
      "max_unknown_words": null,
      "min_utterances": 20,
      "noise_factor": 5,
      "unknown_word_prob": 0.0,
      "unknown_words_replacement_string": null
    },
    "featurizer_config": {
      "added_cooccurrence_feature_ratio": 0.0,
      "cooccurrence_vectorizer_config": {
        "filter_stop_words": true,
        "keep_order": true,
        "unit_name": "cooccurrence_vectorizer",
        "unknown_words_replacement_string": null,
        "window_size": null
      },
      "pvalue_threshold": 0.4,
      "tfidf_vectorizer_config": {
        "unit_name": "tfidf_vectorizer",
        "use_stemming": false,
        "word_clusters_name": null
      },
      "unit_name": "featurizer"
    },
    "noise_reweight_factor": 1,
    "unit_name": "log_reg_intent_classifier"
  },
  "featurizer": "featurizer",
  "intent_list": [
    "getAspect",
    null
  ],
  "intercept": [
    0.3469547689914054
  ],
  "t_": 2281.0
}