{
  "coeffs": [
    [
      -0.6123394491543768,
      -0.6626025623841264,
      -0.4869929932475936,
      -0.16396829316355627,
      -0.6626025623841264,
      -0.6148730984984463,
      -0.820446841486513,
      -1.9703787267910426,
      -0.644152681233204,
      -0.6632139671528456,
      -0.6123394491543768,
      -0.6123394491543768,
      -0.7228333527911218,
      -0.7228333527911218,
      -0.5620748695526263,
      0.06757156213644468,
      -0.7278122534812702,
      -0.7451282881335088,
      -1.5527496204917652,
      0.9877068196317854,
      -0.4869929932475936,
      -0.5925205822311767,
      -0.6738022805910949,
      -0.49426065264286156,
      -1.6383627244751424,
      -0.5404632449230918,
      -0.5404632449230918,
      -0.7219355146662269,
      -0.5568581259000238,
      0.7522928598033417,
      -0.5925205822311767,
      -0.6738022805910949,
      -0.5404632449230918,
      -0.6123394491543768,
      -0.4869929932475936,
      -1.7073981539049414,
      -0.5620748695526263,
      -1.1103785663881334,
      -0.21793371193025593,
      -0.250097067539116,
      -0.6873139424559115,
      -1.1705844561689458,
      -0.5487971201795426,
      -0.6632139671528456,
      -0.8719151879267855,
      0.78105313139847,
      -0.7532284851245828,
      -0.7278122534812702,
      -1.0032530754858393,
      -2.0468887795558555,
      -0.8719151879267855,
      -0.644152681233204,
      -0.6873139424559115,
      -0.6148730984984463,
      -0.9534843906333831,
      -0.6148730984984463,
      -0.5568581259000238,
      -1.2570574798946037,
      -0.7228333527911218,
      -0.5620748695526263,
      -0.6626025623841264,
      -0.7278122534812702,
      1.155417813781308,
      -1.042954919175003,
      -0.820446841486513,
      -0.7451282881335088,
      -0.7532284851245828,
      -0.49426065264286156,
      -0.6632139671528456,
      -1.1103785663881334,
      -0.6626025623841264,
      -0.6104057853886601,
      -0.9534843906333831,
      -0.7532284851245828,
      -0.6148730984984463,
      -0.820446841486513,
      -0.7451282881335088,
      -0.6626025623841264
    ]
  ],
  "config": {
    "data_augmentation_config": {
      "add_builtin_entities_examples": false,
      "max_unknown_words": null,
      "min_utterances": 20,
      "noise_factor": 5,
      "unknown_word_prob": 0.0,
      "unknown_words_replacement_string": null
    },
    "featurizer_config": {
      "added_cooccurrence_feature_ratio": 0.0,
      "cooccurrence_vectorizer_config": {
        "filter_stop_words": true,
        "keep_order": true,
        "unit_name": "cooccurrence_vectorizer",
        "unknown_words_replacement_string": null,
        "window_size": null
      },
      "pvalue_threshold": 0.4,
      "tfidf_vectorizer_config": {
        "unit_name": "tfidf_vectorizer",
        "use_stemming": false,
        "word_clusters_name": null
      },
      "unit_name": "featurizer"
    },
    "noise_reweight_factor": 1,
    "unit_name": "log_reg_intent_classifier"
  },
  "featurizer": "featurizer",
  "intent_list": [
    "getAspect",
    null
  ],
  "intercept": [
    0.2345668375426422
  ],
  "t_": 1561.0
}