{
  "coeffs": [
    [
      0.062274606096049484,
      -0.7592934959847094,
      -0.5443013067104298,
      -0.7592934959847094,
      -0.5273104325436576,
      -0.5798999943350818,
      -0.5389612686503203,
      -2.0914011626815716,
      -0.4622176584041168,
      -0.4622176584041168,
      -0.5798999943350818,
      -0.5443013067104298,
      -0.7592934959847094,
      -0.7050772249451976,
      -0.6582455180804433,
      -0.6582455180804433,
      -0.7610255306015338,
      -0.5516876850924637,
      -0.6582455180804433,
      -0.7540747643942219,
      -0.7610255306015338,
      -0.7050772249451976,
      -1.166458248401564,
      -0.6886507897459773,
      -0.5516876850924637,
      -0.7602339800318821,
      0.8778490477491067,
      -0.5273104325436576,
      -0.6886507897459773,
      -0.6276770962037654,
      -0.5704992864079187,
      -1.8322098703253447,
      -1.1401884547894001,
      -0.7540747643942219,
      -0.6276770962037654,
      -1.3442871167095034,
      -1.0589865098779818,
      -0.4622176584041168,
      -0.19695113688700705,
      -0.7602339800318821,
      0.1732875316878377,
      -0.5516876850924637,
      -0.5704992864079187,
      -0.775015064130027,
      -0.5516876850924637,
      -0.5389612686503203,
      -0.4622176584041168,
      -0.6886507897459773,
      -0.5389612686503203,
      -0.7602339800318821,
      -0.775015064130027,
      -0.5704992864079187,
      0.732275771262397,
      -0.496545409101304,
      -1.3910625094007596,
      -1.843000340630383,
      -0.5798999943350818,
      -0.6276770962037654,
      -0.7540747643942219,
      -0.7050772249451976,
      -0.4622176584041168,
      -0.496545409101304,
      -0.5443013067104298,
      -0.9211263747090828,
      -0.496545409101304,
      -0.372961825118124,
      -1.3337538116082956,
      -0.5273104325436576,
      -0.775015064130027,
      -0.8400235695236028,
      1.3696774479652545,
      -0.9424984372917069,
      -0.8400235695236028,
      -0.5443013067104298,
      -1.0589865098779818,
      -0.6851846623079906,
      -0.7079554940438075,
      -0.9211263747090828,
      -0.7079554940438075
    ]
  ],
  "config": {
    "data_augmentation_config": {
      "add_builtin_entities_examples": false,
      "max_unknown_words": null,
      "min_utterances": 20,
      "noise_factor": 5,
      "unknown_word_prob": 0.0,
      "unknown_words_replacement_string": null
    },
    "featurizer_config": {
      "added_cooccurrence_feature_ratio": 0.0,
      "cooccurrence_vectorizer_config": {
        "filter_stop_words": true,
        "keep_order": true,
        "unit_name": "cooccurrence_vectorizer",
        "unknown_words_replacement_string": null,
        "window_size": null
      },
      "pvalue_threshold": 0.4,
      "tfidf_vectorizer_config": {
        "unit_name": "tfidf_vectorizer",
        "use_stemming": false,
        "word_clusters_name": null
      },
      "unit_name": "featurizer"
    },
    "noise_reweight_factor": 1,
    "unit_name": "log_reg_intent_classifier"
  },
  "featurizer": "featurizer",
  "intent_list": [
    "getAspect",
    null
  ],
  "intercept": [
    0.30000447296433724
  ],
  "t_": 3001.0
}